-- Inserindo dados na tabela EMPRESA
INSERT INTO
    EMPRESA (CNPJ, NOMEFANTASIA, CEP, UF, CIDADE, BAIRRO, LOGRADOURO, NUMERO, COMPLEMENTO, DATACRIACAO)
VALUES
    ('00000000000100', 'Tech Solutions', 12345678, 'SP', 'São Paulo', 'Centro', 'Av. Paulista', 1000, 'Conjunto 101', '2023-01-10'),
    ('00000000000200', 'Health Corp', 87654321, 'RJ', 'Rio de Janeiro', 'Copacabana', 'Rua Atlântica', 500, NULL, '2023-02-15'),
    ('00000000000300', 'Edu Prime', 22334455, 'MG', 'Belo Horizonte', 'Savassi', 'Rua da Bahia', 300, 'Sala 5', '2023-03-01'),
    ('00000000000400', 'Food Lovers', 99887766, 'RS', 'Porto Alegre', 'Moinhos', 'Av. Independência', 750, 'Loja 02', '2023-04-20'),
    ('00000000000500', 'Green Energy', 11223344, 'PR', 'Curitiba', 'Batel', 'Rua XV de Novembro', 200, NULL, '2023-05-05');

-- Inserindo dados na tabela COLABORADOR
INSERT INTO
    COLABORADOR (MATRICULA, CNPJ_EMPRESA, NOME, CPF, RG, DATA_NASCIMENTO, DATA_ADMISSAO, NIS, CTPS, CARGA_HORARIA, CARGO, IMAGEM)
VALUES
    ('100MAT001', '00000000000100', 'Ana Silva', '12345678901', 'MG1234567', '1990-05-10', '2023-01-15', '12345678910', '12345678910', '08:00:00', 'Desenvolvedora', NULL),
    ('100MAT002', '00000000000100', 'Bruno Costa', '23456789012', 'SP9876543', '1988-08-20', '2023-02-01', '23456789012', '23456789012', '08:00:00', 'Analista', NULL),
    ('100MAT003', '00000000000100', 'Carla Mendes', '34567890123', 'RJ4567890', '1992-03-15', '2023-03-10', '34567890123', '34567890123', '08:00:00', 'Recursos Humanos', NULL),
    ('100MAT004', '00000000000100', 'Diego Rocha', '45678901234', 'PR6543210', '1985-11-25', '2023-04-05', '45678901234', '45678901234', '08:00:00', 'Engenheiro de Software', NULL),
    ('100MAT005', '00000000000100', 'Elisa Martins', '56789012345', 'RS3216549', '1994-07-08', '2023-05-20', '56789012345', '56789012345', '08:00:00', 'Designer UX', NULL),
    ('100MAT006', '00000000000100', 'Fernando Alves', '67890123456', 'SC9873210', '1991-01-30', '2023-06-18', '67890123456', '67890123456', '08:00:00', 'Gerente de Projetos', NULL),
    ('100MAT007', '00000000000100', 'Gabriela Lima', '78901234567', 'BA1230987', '1993-09-12', '2023-07-01', '78901234567', '78901234567', '08:00:00', 'Suporte Técnico', NULL),
    ('400MAT008', '00000000000400', 'Helena Martins', '89012345678', 'RS9012345', '1994-06-12', '2023-05-15', '89012345678', '89012345678', '08:00:00', 'Atendente', NULL),
    ('500MAT009', '00000000000500', 'Igor Ferreira', '90123456789', 'PR0123456', '1987-01-25', '2023-06-01', '90123456789', '90123456789', '08:00:00', 'Engenheiro', NULL),
    ('500MAT010', '00000000000500', 'Julia Pereira', '01234567890', 'PR1234567', '1996-11-30', '2023-06-10', '01234567890', '01234567890', '08:00:00', 'Analista Ambiental', NULL);


-- Inserindo dados na tabela USUARIO
-- Empresas (ADM = TRUE)
INSERT INTO
    USUARIO_EMPRESA (USUARIO_ID, SENHA, ADM)
VALUES
    ('00000000000100', 'senhaEmpresa1', TRUE),
    ('00000000000200', 'senhaEmpresa2', TRUE),
    ('00000000000300', 'senhaEmpresa3', TRUE),
    ('00000000000400', 'senhaEmpresa4', TRUE),
    ('00000000000500', 'senhaEmpresa5', TRUE);

-- Colaboradores (ADM = FALSE)
INSERT INTO
    USUARIO_COLABORADOR (USUARIO_ID, SENHA, ADM)
VALUES
    ('100MAT001', 'senha100Mat001', FALSE),
    ('100MAT002', 'senha100Mat002', FALSE),
    ('100MAT003', 'senha100Mat003', FALSE),
    ('100MAT004', 'senha100Mat004', FALSE),
    ('100MAT005', 'senha100Mat005', FALSE),
    ('100MAT006', 'senha100Mat006', FALSE),
    ('100MAT007', 'senha100Mat007', FALSE),
    ('400MAT008', 'senha400Mat008', FALSE),
    ('500MAT009', 'senha500Mat009', FALSE),
    ('500MAT010', 'senha500Mat010', FALSE);


-- Inserindo dados na tabela REGISTRO_PONTO
INSERT INTO
    REGISTRO_PONTO (MATRICULA, CNPJ_EMPRESA, DATA_PONTO)
VALUES
    ('100MAT001', '00000000000100', '2023-07-01 08:00:00'),
    ('100MAT001', '00000000000100', '2023-07-01 17:00:00'),
    ('100MAT002', '00000000000100', '2023-07-01 08:10:00'),
    ('100MAT002', '00000000000100', '2023-07-01 17:05:00'),

    ('200MAT003', '00000000000200', '2023-07-01 07:55:00'),
    ('200MAT003', '00000000000200', '2023-07-01 16:50:00'),
    ('200MAT004', '00000000000200', '2023-07-01 08:05:00'),
    ('200MAT004', '00000000000200', '2023-07-01 17:00:00'),

    ('300MAT005', '00000000000300', '2023-07-01 08:00:00'),
    ('300MAT005', '00000000000300', '2023-07-01 17:00:00'),
    ('300MAT006', '00000000000300', '2023-07-01 08:02:00'),
    ('300MAT006', '00000000000300', '2023-07-01 17:10:00'),

    ('400MAT007', '00000000000400', '2023-07-01 08:00:00'),
    ('400MAT007', '00000000000400', '2023-07-01 16:55:00'),
    ('400MAT008', '00000000000400', '2023-07-01 08:15:00'),
    ('400MAT008', '00000000000400', '2023-07-01 17:05:00'),

    ('500MAT009', '00000000000500', '2023-07-01 08:00:00'),
    ('500MAT009', '00000000000500', '2023-07-01 17:00:00'),
    ('500MAT010', '00000000000500', '2023-07-01 08:05:00'),
    ('500MAT010', '00000000000500', '2023-07-01 17:10:00');
    ('100MAT002', '00000000000100', '2023-07-01 17:05:00');
